TÃ­tulo da PÃ¡gina,URL Usada
Consultas - AgÃªncia Nacional de VigilÃ¢ncia SanitÃ¡ria,https://consultas.anvisa.gov.br/#/documentos/tecnicos/
Está em vigor norma sobre otimização de análise de medicamentos — Agência Nacional de Vigilância Sanitária - Anvisa,https://www.gov.br/anvisa/pt-br/assuntos/noticias-anvisa/2022/esta-em-vigor-norma-sobre-otimizacao-de-analise-de-medicamentos
Capa - listas de preços — Agência Nacional de Vigilância Sanitária - Anvisa,https://www.gov.br/anvisa/pt-br/assuntos/medicamentos/cmed/precos
Audiências Públicas - Anvisa,http://antigo.anvisa.gov.br/audiencias-publicas#/
Editais de Chamamento - Anvisa,http://antigo.anvisa.gov.br/editais-de-chamamento#
Consultas Públicas - Anvisa,http://antigo.anvisa.gov.br/consultas-publicas#/
Diálogo Setorial (DS) — Agência Nacional de Vigilância Sanitária - Anvisa,https://www.gov.br/anvisa/pt-br/assuntos/regulamentacao/participacao-social/dialogos-setoriais
Consulta Dirigida (CD) — Agência Nacional de Vigilância Sanitária - Anvisa,https://www.gov.br/anvisa/pt-br/assuntos/regulamentacao/participacao-social/consultas-dirigidas
Guias - Anvisa,http://antigo.anvisa.gov.br/guias#/
Consulta Regional ICH (CR ICH) — Agência Nacional de Vigilância Sanitária - Anvisa,https://www.gov.br/anvisa/pt-br/assuntos/regulamentacao/participacao-social/consultas-regionais-ich
Legislação - Anvisa,http://antigo.anvisa.gov.br/legislacao#/
Publicações — Agência Nacional de Vigilância Sanitária - Anvisa,https://www.gov.br/anvisa/pt-br/centraisdeconteudo/publicacoes/medicamentos/publicacoes-de-insumos-farmaceuticos
