idProduto,numeroRegistro,nomeProduto,expediente,razaoSocial,cnpj,numeroTransacao,data,numProcesso,idBulaPacienteProtegido,idBulaProfissionalProtegido,dataAtualizacao,numero_registro
143.0,105730127,BRONDILAT,1346235211,ACHÉ LABORATÓRIOS FARMACÊUTICOS S.A,60659463002992,2923822021,2021-04-08T14:58:56.000-0300,2500002566884,eyJhbGciOiJIUzUxMiJ9.eyJqdGkiOiIxNDAyMDc2NyIsIm5iZiI6MTcwNDc2NjI0MCwiZXhwIjoxNzA0NzY2NTQwfQ.s9rcjVZv4vnBBpTBqMg9wnE3VtDOFWCHRYHKmNNAowXU2fmX3S5wJ26aiHG6Y7NrQtOkv541tprWDEhUkNGc5Q,eyJhbGciOiJIUzUxMiJ9.eyJqdGkiOiIxNDAyMDc3OCIsIm5iZiI6MTcwNDc2NjI0MCwiZXhwIjoxNzA0NzY2NTQwfQ.XZ2dz1OqPLgocYWn_VWRFaEhOiK3ovkvWg6QpIJ8E23BhIi3qeZYgvpHeWhUWIDCBVDSZk0A98xXgPNAmzxNPA,2024-01-08T18:00:05.000-0300,105730127
624126.0,100470474,alendronato de sódio,5056891223,SANDOZ DO BRASIL INDÚSTRIA FARMACÊUTICA LTDA,61286647000116,11759812022,2022-12-15T17:32:49.000-0300,25351758746200861,eyJhbGciOiJIUzUxMiJ9.eyJqdGkiOiIxODM5NzE2NiIsIm5iZiI6MTcwNDc2NjI0OSwiZXhwIjoxNzA0NzY2NTQ5fQ.lmWRfSiaXtIR31TCJh8u4FewEBJVuzw5ESRnIT_zQB-Vo8TW6ElMZpry5WeSoX2hxS9s3Qy417u8ukXjt8OzSg,eyJhbGciOiJIUzUxMiJ9.eyJqdGkiOiIxODM5NzE2NyIsIm5iZiI6MTcwNDc2NjI0OSwiZXhwIjoxNzA0NzY2NTQ5fQ.YUDU96vrOahHN0KGpaXunnRivcC-R7Mx3wWKN3XvwK1I8Vj2thS74xUVLqHkzJusH9y0yt6nFCzzpHw0jv5cAw,2024-01-08T18:00:05.000-0300,100470474
1330248.0,183260357,MUCOSOLVAN,3353490200,SANOFI MEDLEY FARMACÊUTICA LTDA.,10588595001092,7828602020,2020-09-30T16:36:03.000-0300,25351190493201920,eyJhbGciOiJIUzUxMiJ9.eyJqdGkiOiIxMjk4NzkzMSIsIm5iZiI6MTcwNDc2NjI1MCwiZXhwIjoxNzA0NzY2NTUwfQ.XTeCqKiAtRjASmjAMipcWBjnvfFkRy70lPALGCBlLlqXnti1QUFYfYG8zuArF1UPmWYJBXgqOtTwc3-s8ksX1g,eyJhbGciOiJIUzUxMiJ9.eyJqdGkiOiIxMjk4ODA0NiIsIm5iZiI6MTcwNDc2NjI1MCwiZXhwIjoxNzA0NzY2NTUwfQ.v0Xu036yyac4wVgoIcpTaav4Wm2ysb7xHMNDrEH9kcPfndzaIWU30Ht5lTwlRGjX_r2YQpIHy001fcH8ILE3KA,2024-01-08T18:00:05.000-0300,183260357
727332.0,105730425,ARISTAB,0800815238,ACHÉ LABORATÓRIOS FARMACÊUTICOS S.A,60659463002992,7412192023,2023-08-01T12:19:26.000-0300,25351707559201065,eyJhbGciOiJIUzUxMiJ9.eyJqdGkiOiIyMDU3MTU1NyIsIm5iZiI6MTcwNDc2NjI0OCwiZXhwIjoxNzA0NzY2NTQ4fQ.5TbQH6prSfyyAnskGf3AaprpxX66g08NL1tlvCLCj_qXnH12hPogE5XbPC5NyI0msoxqQhxZyfgEngKBrIi6pA,eyJhbGciOiJIUzUxMiJ9.eyJqdGkiOiIyMDU3MTU1OCIsIm5iZiI6MTcwNDc2NjI0OCwiZXhwIjoxNzA0NzY2NTQ4fQ.vnfyaJNKYhFNmAW9ahqF7aGA0b4pZgKIJKMqzgTDdKIcQWdm-vNc7XEwabxr2umJutp45CE7cRvoicL8M1N2Kg,2024-01-08T18:00:05.000-0300,105730425
1154942.0,121100359,ZITROMAX,0292551231,PFIZER BRASIL LTDA,61072393000133,2657272023,2023-03-23T10:42:47.000-0300,25351099763201724,eyJhbGciOiJIUzUxMiJ9.eyJqdGkiOiIxOTI2NTg0NCIsIm5iZiI6MTcwNDc2NjIyMCwiZXhwIjoxNzA0NzY2NTIwfQ.-lJr287FGzdkPziU5UbpTcc3b55_PPj-uLPbZe2YYmDRQ0KLAh85GSWWFRUd1FjAtM3iTtmOyieKF1LN3VSGDQ,eyJhbGciOiJIUzUxMiJ9.eyJqdGkiOiIxOTI2NTg0NSIsIm5iZiI6MTcwNDc2NjIyMCwiZXhwIjoxNzA0NzY2NTIwfQ.FYxr0XRVVHMnm36slDtc-Wd6WF3D9GH98TRHADAsRUitziJHBWKYsFGNR4YWvJyejf87liS3tkq5XoaoZHrzEg,2024-01-08T18:00:05.000-0300,121100359
2010209.0,178170904,NEBACETIN,2402233214,COSMED INDUSTRIA DE COSMETICOS E MEDICAMENTOS S.A.,61082426000207,5388292021,2021-06-21T16:06:02.000-0300,25351110139202144,eyJhbGciOiJIUzUxMiJ9.eyJqdGkiOiIxNDQ5NzA1MSIsIm5iZiI6MTcwNDc2NjIyMSwiZXhwIjoxNzA0NzY2NTIxfQ.Umf219si5eShZIswGWY2hBTmDo92Ovi3wns9CuQ3tBaW68eI_PVFrE0KKF2Cd3gUgjxy7M0675ZQDT7SMFTXDw,eyJhbGciOiJIUzUxMiJ9.eyJqdGkiOiIxNDQ5NzA1MiIsIm5iZiI6MTcwNDc2NjIyMSwiZXhwIjoxNzA0NzY2NTIxfQ.vjzDk3MQjZwnH1G-cqQGKuguy5RRIP9hEYb_w9gUwm-s7Hnnad1uK4zl2hhv8qilK6ojuEh4phw57C_BLS83ww,2024-01-08T18:00:05.000-0300,178170904
124988.0,103670004,ATROVENT,1414490232,BOEHRINGER INGELHEIM DO BRASIL QUÍMICA E FARMACÊUTICA LTDA.,60831658000177,12100152023,2023-12-12T17:10:32.000-0300,2599100347279,eyJhbGciOiJIUzUxMiJ9.eyJqdGkiOiIyMTg4NDczMyIsIm5iZiI6MTcwNDc2NjIxOCwiZXhwIjoxNzA0NzY2NTE4fQ.RxDDrU2CZQuP3ycz6KST8FDwvfdNsbjNFZPMTOVhvSgf7AuntaYwJAB28vA4Z75kZBeZHvkc2_NzXv4mhaZpfw,eyJhbGciOiJIUzUxMiJ9.eyJqdGkiOiIyMTg4NDczNCIsIm5iZiI6MTcwNDc2NjIxOCwiZXhwIjoxNzA0NzY2NTE4fQ.3kj9XtRB_SHpeB9q5-gVECOnaTjvsrTYEQXypGHPvQgudNikIm7FfHdKrut5OdzTxdqoROCDP3bffHoDRJqkxA,2024-01-08T18:00:05.000-0300,103670004
3625629.0,100431474,DIGESAN,0015027244,EUROFARMA LABORATÓRIOS S.A.,61190096000192,127732024,2024-01-05T11:19:52.000-0300,25351323212202316,eyJhbGciOiJIUzUxMiJ9.eyJqdGkiOiIyMjEyOTcxOSIsIm5iZiI6MTcwNDc2NjI1MywiZXhwIjoxNzA0NzY2NTUzfQ.zs1p4kQ4qFCCtJjI6Usl-XCMa-7qC60Ens1tVkxKRmT6Y0wNWpvay6YKCCDGNPfEAI17e68AoKiiZUoypL281A,eyJhbGciOiJIUzUxMiJ9.eyJqdGkiOiIyMjEyOTcyMCIsIm5iZiI6MTcwNDc2NjI1MywiZXhwIjoxNzA0NzY2NTUzfQ.obSxVgaBPdNL8DeJtVt3q9qa5pzteClF8usF96Em9G_iMQr6XDa5TW0hF4iNM4TKT3-I0MVW6FA8CFPoeamajw,2024-01-08T18:00:05.000-0300,100431474
70044.0,141070025,CAPTOSEN,4723114220,PHARLAB INDÚSTRIA FARMACÊUTICA S.A.,02501297000102,8892802022,2022-09-21T17:01:33.000-0300,250000236649972,eyJhbGciOiJIUzUxMiJ9.eyJqdGkiOiIxNzY0MDgxNCIsIm5iZiI6MTcwNDc2NjI1MiwiZXhwIjoxNzA0NzY2NTUyfQ.ZDj_rc1-1oyww36qY_b62jDKzuWnrQ1lyZh23yxiXxY44mWRkGav6DzG-ev_vlLMhvcPQifuM2o_zEj_iMSJhA,eyJhbGciOiJIUzUxMiJ9.eyJqdGkiOiIxNzY0MDgxNSIsIm5iZiI6MTcwNDc2NjI1MiwiZXhwIjoxNzA0NzY2NTUyfQ.qfhp6eibVGLo0LYKNfFNqDo-01YiwLBUXK1kJ4NYlKzYJdk0EAgeNYeltalygxCY1T0sYZHYnxwG4Fcx2jataA,2024-01-08T18:00:05.000-0300,141070025
70044.0,141070025,CAPTOSEN,4723114220,PHARLAB INDÚSTRIA FARMACÊUTICA S.A.,02501297000102,8892802022,2022-09-21T17:01:33.000-0300,250000236649972,eyJhbGciOiJIUzUxMiJ9.eyJqdGkiOiIxNzY0MDgxNCIsIm5iZiI6MTcwNDc2NjI1NSwiZXhwIjoxNzA0NzY2NTU1fQ.14MOo4AldcAyhnFHW1Y6_A-XvHjCZNLEyjecq6x5tCDv3-EQWh_22kcnsOxCUSLlCvrBeIxNwUpytFjBr5zLzQ,eyJhbGciOiJIUzUxMiJ9.eyJqdGkiOiIxNzY0MDgxNSIsIm5iZiI6MTcwNDc2NjI1NSwiZXhwIjoxNzA0NzY2NTU1fQ.Du8ha23Uysl64JpZExAhMs3LfU_-6V9CjyXfYIy2XugQtXvjEVGySC7Oc0IEzfuCPu0mL08wptHEGCk8dnZHTQ,2024-01-08T18:00:05.000-0300,141070025
2528711.0,188300086,CELEBRA,1450292232,MYLAN LABORATORIOS LTDA,11643096000122,12430982023,2023-12-20T11:18:22.000-0300,25351574161202119,eyJhbGciOiJIUzUxMiJ9.eyJqdGkiOiIyMTk5MDMxNiIsIm5iZiI6MTcwNDc2NjI1NiwiZXhwIjoxNzA0NzY2NTU2fQ.6MYOrkX9eaf-_dthpPUgoZKDYhk-s82kK4Rqux25Ip3LWNzsptDQ2bB1XCvKH7pSXyvMPNs0xKtoEqsKmtf6bQ,eyJhbGciOiJIUzUxMiJ9.eyJqdGkiOiIyMTk5MDMxNyIsIm5iZiI6MTcwNDc2NjI1NiwiZXhwIjoxNzA0NzY2NTU2fQ.bR6PHbMhx1ROC4WJt5HyOkguX3JFe_ipzZDkEK0BvBf0WUMd6y6BNJ_0kE02KR4CRoi9CnlVOzeW5umPs-lQKA,2024-01-08T18:00:05.000-0300,188300086
1807.0,105730066,CANDICORT,0486418235,ACHÉ LABORATÓRIOS FARMACÊUTICOS S.A,60659463002992,4549332023,2023-05-15T08:36:59.000-0300,2599100369880,eyJhbGciOiJIUzUxMiJ9.eyJqdGkiOiIxOTc3MjIwOCIsIm5iZiI6MTcwNDc2NjI0OSwiZXhwIjoxNzA0NzY2NTQ5fQ.oIp1L6OBRlEppAJYg4drSOM1a3irB25UXIDJ7ZpipC0g_xX3z89FckJvmx93Sy5ypXVw9bic55gkkIbFM9x8-w,eyJhbGciOiJIUzUxMiJ9.eyJqdGkiOiIxOTc3MjIwOSIsIm5iZiI6MTcwNDc2NjI0OSwiZXhwIjoxNzA0NzY2NTQ5fQ.rqXiy1L_kX-lJnAxfmsXVCKOAGyd0Pli_8wza58Z8d6teGQXNbqNQzz0TTaR6D0uvILoIn6Aa26k1CnB-h_QJQ,2024-01-08T18:00:05.000-0300,105730066
1778.0,105730067,CANDORAL,3374734192,ACHÉ LABORATÓRIOS FARMACÊUTICOS S.A,60659463002992,15350142019,2019-12-06T12:43:57.000-0300,2599100819980,eyJhbGciOiJIUzUxMiJ9.eyJqdGkiOiIxMTc3MDgxOCIsIm5iZiI6MTcwNDc2NjIyOCwiZXhwIjoxNzA0NzY2NTI4fQ.Rq_21pp76iCzwx-3IyMtNNiytGeai_jDPVWsZGaIRhMEef40JoNVHiWDB3D2s-VwCErz48TY_dBiq0q_V1LS5g,eyJhbGciOiJIUzUxMiJ9.eyJqdGkiOiIxMTc3MDgxOSIsIm5iZiI6MTcwNDc2NjIyOCwiZXhwIjoxNzA0NzY2NTI4fQ.rlNzpBhtBWoegATdjlsesZhxg8nlHZsAZQUP3o_tq8_EBxWO3FExAwwknoQmtgJXOGr47sPEJU2nGCNz-X9ifw,2024-01-08T18:00:05.000-0300,105730067
1778.0,105730067,CANDORAL,3374734192,ACHÉ LABORATÓRIOS FARMACÊUTICOS S.A,60659463002992,15350142019,2019-12-06T12:43:57.000-0300,2599100819980,eyJhbGciOiJIUzUxMiJ9.eyJqdGkiOiIxMTc3MDgxOCIsIm5iZiI6MTcwNDc2NjIzNCwiZXhwIjoxNzA0NzY2NTM0fQ.7beBlG1tNnVOUmf4fu1pZ1MJGPtUstFqHxj1AGqOdRKO53wD0SgkLqvicOCb4HRtGhXKFx6roYsnomWvZ0bCoA,eyJhbGciOiJIUzUxMiJ9.eyJqdGkiOiIxMTc3MDgxOSIsIm5iZiI6MTcwNDc2NjIzNCwiZXhwIjoxNzA0NzY2NTM0fQ.0bbvTlsJcOa58iWo7j0kuD30XfmL_t6_yCzIfYXt88PGfwArfvvDbOUqyPs8rDm0r1h3v2eCYvBKYAc2uUBnBQ,2024-01-08T18:00:05.000-0300,105730067
491668.0,125680158,CICLOPIROX OLAMINA,0582228149,PRATI DONADUZZI & CIA LTDA,73856593000166,6269922014,2014-07-21T13:38:15.000-0300,25351337391200660,eyJhbGciOiJIUzUxMiJ9.eyJqdGkiOiIyMTQ2MDY0IiwibmJmIjoxNzA0NzY2MjI2LCJleHAiOjE3MDQ3NjY1MjZ9.D_mUjdK08dLmGngDIvFPbmnJU3lF02QgaFP-4t1fIvMtnwU31ghMfNAGDlnfjL_0LUY_M3HZz-iZ0CtBrCK1Iw,eyJhbGciOiJIUzUxMiJ9.eyJqdGkiOiIyMTQ2MDY1IiwibmJmIjoxNzA0NzY2MjI2LCJleHAiOjE3MDQ3NjY1MjZ9.V3JIcb68oeeHjTZpXeXasZGUIGkHt2urGdUY_EtRfJGVA3EEUcW7vPeO_64QHwbxyVpKspYBdXo5xniZMvhTrQ,2024-01-08T18:00:05.000-0300,125680158
1000017.0,170560103,CIPRO,4819474227,BAYER S.A.,18459628000115,9668242022,2022-10-14T09:43:34.000-0300,25351212506200795,eyJhbGciOiJIUzUxMiJ9.eyJqdGkiOiIxNzgzMTc2MiIsIm5iZiI6MTcwNDc2NjIzMiwiZXhwIjoxNzA0NzY2NTMyfQ.zZ4SoFs9X029m7etuprI-cO7Vu-f0ChApc_ghkw51MFMR05x7t6vwT3Q2OQUUYjHpSXqGYr9jugWHTr4NZyjAQ,eyJhbGciOiJIUzUxMiJ9.eyJqdGkiOiIxNzgzMTc2MyIsIm5iZiI6MTcwNDc2NjIzMiwiZXhwIjoxNzA0NzY2NTMyfQ.XlC5-Fs7oqYuMNoSgfYn7KYQYR3RucsLld8AO4MD7TN0WIpXzGUVyd3pwcbbta-dJcCNpG72Ecwnp4ZBxSp35Q,2024-01-08T18:00:05.000-0300,170560103
3641023.0,186200004,BISOLVON,1368112234,OPELLA HEALTHCARE BRAZIL LTDA,38391432000143,11763502023,2023-12-04T07:27:33.000-0300,25351380899202389,eyJhbGciOiJIUzUxMiJ9.eyJqdGkiOiIyMTc4NTY0NCIsIm5iZiI6MTcwNDc2NjIzOSwiZXhwIjoxNzA0NzY2NTM5fQ.WdYcL1XpHToguER_MRzRdlwAHxlDivyF99SIIk6MEXcHXzFXP7IxcHBSMyU3OWJjits-ORQro4bzJPc432M4zQ,eyJhbGciOiJIUzUxMiJ9.eyJqdGkiOiIyMTc4NTY0NSIsIm5iZiI6MTcwNDc2NjIzOSwiZXhwIjoxNzA0NzY2NTM5fQ.OKVCWLcXgcDVRJ0cWTYO-e78_7R2RSH_DOjihHojr6_O3ko6DjfCTKQwDTavC8SFwRB5yeEwTyEvIOtO9clCqg,2024-01-08T18:00:05.000-0300,186200004
1000017.0,170560103,CIPRO,4819474227,BAYER S.A.,18459628000115,9668242022,2022-10-14T09:43:34.000-0300,25351212506200795,eyJhbGciOiJIUzUxMiJ9.eyJqdGkiOiIxNzgzMTc2MiIsIm5iZiI6MTcwNDc2NjI1OSwiZXhwIjoxNzA0NzY2NTU5fQ.HSs2FW7NSBmH2iw1weUyi2ZdMiSxjcrf9uySJgkcOemoGPmxnQ-STGJPi43TGn5aTBQ57wjebVDKUa6-UWNraQ,eyJhbGciOiJIUzUxMiJ9.eyJqdGkiOiIxNzgzMTc2MyIsIm5iZiI6MTcwNDc2NjI1OSwiZXhwIjoxNzA0NzY2NTU5fQ.GGR8c3zXIlREbXtGvgDCb0QJYqoAC0eOfcQNEj7vlr3PBBrVb9KCU6vcO-wmtJVzOBPGbC3WBnGNG8XGitnyTA,2024-01-08T18:00:05.000-0300,170560103
336659.0,112600007,PROZAC,2479537226,ELI LILLY DO BRASIL LTDA,43940618000144,3637462022,2022-04-20T13:58:00.000-0300,2500100050787,eyJhbGciOiJIUzUxMiJ9.eyJqdGkiOiIxNjQ3NDkwOCIsIm5iZiI6MTcwNDc2NjI4NSwiZXhwIjoxNzA0NzY2NTg1fQ.gOOJZnQZMlK2_GaU9GRYl33nF1XyZ71QlXzbwh5fwIWLbjUWRTY7b96QDvCs14BVLqhs2gahXGRAcqpggyAtvA,eyJhbGciOiJIUzUxMiJ9.eyJqdGkiOiIxNjQ3NDkwOSIsIm5iZiI6MTcwNDc2NjI4NSwiZXhwIjoxNzA0NzY2NTg1fQ.XpknKTF8-BPftr9UHOzjuAqm5CX0WmNQTLqLT63jQrxe6_HfCe0aMpL-x79sYYnUAHgP_JAfKVhKovWRSn1fVg,2024-01-08T18:00:05.000-0300,112600007
606720.0,105830642,cloridrato de hidroxizina,1362806212,GERMED FARMACEUTICA LTDA,45992062000165,2977012021,2021-04-09T17:08:38.000-0300,25351754920200883,eyJhbGciOiJIUzUxMiJ9.eyJqdGkiOiIxNDAzMDY1OSIsIm5iZiI6MTcwNDc2NjI0NSwiZXhwIjoxNzA0NzY2NTQ1fQ.1siV_ipHxIhMs8O_yyy9MJ20CTiT7sxyssuy5ZRCiaEG13ei5oHFkKV1lPc0yC3BEXgkkpvrSIoUc2pAIOOe4g,eyJhbGciOiJIUzUxMiJ9.eyJqdGkiOiIxNDAzMDY2MCIsIm5iZiI6MTcwNDc2NjI0NSwiZXhwIjoxNzA0NzY2NTQ1fQ.ZsoIJdw1L2DL6P_p_f3PbmQD1DIE57vzLV-UcCE9brJEUaOHHU3c-JOoxRK8LfLeT2LLcblqHGWX2JYJ0crQlA,2024-01-08T18:00:05.000-0300,105830642
672971.0,100330165,STANGLIT,0369282230,LIBBS FARMACÊUTICA LTDA,61230314000175,3388612023,2023-04-13T08:25:40.000-0300,25351007564201072,eyJhbGciOiJIUzUxMiJ9.eyJqdGkiOiIxOTQ3MzMyNCIsIm5iZiI6MTcwNDc2NjI4MCwiZXhwIjoxNzA0NzY2NTgwfQ.QoG_16j3ES7BY55U2PNGZ2nfm04Jixjn5N0MZXo3IFo7-Z7714RBPEa-Nfv-cyEOl-YnwR5HVkdi6W6WKASXjQ,eyJhbGciOiJIUzUxMiJ9.eyJqdGkiOiIxOTQ3MzMyNSIsIm5iZiI6MTcwNDc2NjI4MCwiZXhwIjoxNzA0NzY2NTgwfQ.yMy6KRq9mRLJWexKgRJbRYjT7CWtp8zNQvIyvQb5OFsy4GgPOVq1iD3MPb2Bb-xeZAxou1E1GRIPxlgZGvYeSg,2024-01-08T18:00:05.000-0300,100330165
137633.0,103920147,AMPRAX,1919847217,VITAMEDIC INDUSTRIA FARMACEUTICA LTDA,30222814000131,4289852021,2021-05-18T15:35:39.000-0300,253510312080068,eyJhbGciOiJIUzUxMiJ9.eyJqdGkiOiIxNDI3NTU1MiIsIm5iZiI6MTcwNDc2NjI3NywiZXhwIjoxNzA0NzY2NTc3fQ.za35ltyc_ihXzpyCYI7kOTrBt2DY_5UbL_c6lguiqjfcaI-sua4HfTQNjVXCwW0_rS4HGlSguGvWdlf_IYATmw,eyJhbGciOiJIUzUxMiJ9.eyJqdGkiOiIxNDI3NTU3NiIsIm5iZiI6MTcwNDc2NjI3NywiZXhwIjoxNzA0NzY2NTc3fQ.TVM06KqXaPEoNF3vt-eNuho7K5qFdXVDbTMnkPIVrBKIZN4F2nOoP97XLd7LzFKI8A11qawDydLa6ADPsL6OlQ,2024-01-08T18:00:05.000-0300,103920147
2415564.0,188300078,ZOLOFT,0347915230,MYLAN LABORATORIOS LTDA,11643096000122,3190062023,2023-04-06T11:56:43.000-0300,25351574068202112,eyJhbGciOiJIUzUxMiJ9.eyJqdGkiOiIxOTQyMDI5OSIsIm5iZiI6MTcwNDc2NjMwOSwiZXhwIjoxNzA0NzY2NjA5fQ.tYoG1wNfHhKbqgtrbIUr-WXtPCVZXXNDJdfZs2WpcS010I8k1bhMnYI-ELS-FEmTVUwO1ZT_hehZr9C52WI1WA,eyJhbGciOiJIUzUxMiJ9.eyJqdGkiOiIxOTQyMDMwMCIsIm5iZiI6MTcwNDc2NjMwOSwiZXhwIjoxNzA0NzY2NjA5fQ.FkKVwwkclt8xczoxJlB-310Q9A6NsmHM1a3skTKB45mQIe5075vanFIDO1kMVMl8krdkY1J1VisTHSn1fDeBDw,2024-01-08T18:00:05.000-0300,188300078
137644.0,112363356,ULTRACET,0783324235,JANSSEN-CILAG FARMACÊUTICA LTDA,51780468000187,7257332023,2023-07-27T13:16:27.000-0300,253510090960041,eyJhbGciOiJIUzUxMiJ9.eyJqdGkiOiIyMDUyNDQ1MiIsIm5iZiI6MTcwNDc2NjMwOSwiZXhwIjoxNzA0NzY2NjA5fQ.DAfz6SuzSapyk2jN4dE6Pi0T7noCO6c0aeGgEuh9mCN61W-4UjY3EouN3EiTVrCDF1cuxmC_578OKh1dwTWCxw,eyJhbGciOiJIUzUxMiJ9.eyJqdGkiOiIyMDUyNDQ1MyIsIm5iZiI6MTcwNDc2NjMwOSwiZXhwIjoxNzA0NzY2NjA5fQ.qF31OsUEcLwu7YWroXRcX4tPmpdxyU43a8Ia0TsGI_hLHLYB1KhivQj0r1E_MTRFQNP5aJIPTEYMnu_zKYlO_g,2024-01-08T18:00:05.000-0300,112363356
2497527.0,188300081,EFEXOR,0538345233,MYLAN LABORATORIOS LTDA,11643096000122,5035202023,2023-05-26T11:48:04.000-0300,25351574130202168,eyJhbGciOiJIUzUxMiJ9.eyJqdGkiOiIxOTkwNjM3NiIsIm5iZiI6MTcwNDc2NjMwNiwiZXhwIjoxNzA0NzY2NjA2fQ.2YN_8gfbzA_q02IhUm_k_RfLcJD7RDdx6M4kldeXxneoWvCm-Ew1WQr4Ay6gbmlFEYZMVCoJCcM9q0la9t-4sA,eyJhbGciOiJIUzUxMiJ9.eyJqdGkiOiIxOTkwNjM3NyIsIm5iZiI6MTcwNDc2NjMwNiwiZXhwIjoxNzA0NzY2NjA2fQ.ixw28KjxXvi8eK4WqntGMTPAy8bfmLurKPnxwOIrD-xF-odQ_C3noEft6zrqJ9JtKwNC7XC1ZBn3p2HxISkS9Q,2024-01-08T18:00:05.000-0300,188300081
683445.0,170560102,CANESTEN,1236469232,BAYER S.A.,18459628000115,10956422023,2023-11-09T14:56:18.000-0300,25351212365200719,eyJhbGciOiJIUzUxMiJ9.eyJqdGkiOiIyMTU1NzMwMiIsIm5iZiI6MTcwNDc2NjI4MSwiZXhwIjoxNzA0NzY2NTgxfQ.FMbXfFGIoFkDDuggWTkA-iSumlxqhCcL98Vd16WETeK3eMy33RW2nwTQjHxZtg6whBtcP-mOaVUCYa55exJugA,eyJhbGciOiJIUzUxMiJ9.eyJqdGkiOiIyMTU1NzMwMyIsIm5iZiI6MTcwNDc2NjI4MSwiZXhwIjoxNzA0NzY2NTgxfQ.pQSBASkr5ZCjp0pwREXzbEuS5y2EbaX0obxL1n5KYlj4bKedonPCGpdFfkf3D94-1aMWku3ynbKPvrCqoPHybw,2024-01-08T18:00:05.000-0300,170560102
801788.0,106390260,DERMODEX,0243861222,TAKEDA PHARMA LTDA.,60397775000174,530442022,2022-01-19T10:20:35.000-0300,25351585810201104,eyJhbGciOiJIUzUxMiJ9.eyJqdGkiOiIxNTg4MTI4OCIsIm5iZiI6MTcwNDc2NjMxNSwiZXhwIjoxNzA0NzY2NjE1fQ.Ge-wex0A3rAioPN2TF7yMr1JTxiBuFvM2UH-qkHvgkEclA7nYlAsYjKONHd7Eg5CeOjOoYQFS17HoUmg8wyvVw,eyJhbGciOiJIUzUxMiJ9.eyJqdGkiOiIxNTg4MTI4OSIsIm5iZiI6MTcwNDc2NjMxNSwiZXhwIjoxNzA0NzY2NjE1fQ.Ie1GqmSJhP2fTrdRzNo7_rIs66R0DYheD6_cFlIS9MsJD6cMZ_qk-ASQUc4OManJOdDCFDLDuOis1Red8rYpZA,2024-01-08T18:00:05.000-0300,106390260
985300.0,100290191,DESALEX,4236728222,ORGANON FARMACÊUTICA LTDA.,45987013000134,5057502022,2022-05-31T19:36:29.000-0300,25351301427201475,eyJhbGciOiJIUzUxMiJ9.eyJqdGkiOiIxNjc1OTkyMiIsIm5iZiI6MTcwNDc2NjMwNywiZXhwIjoxNzA0NzY2NjA3fQ.Hy3LDZfY1IQuF5-xxuMA8lv4pQ1FmYDKlYtYKQfToeuC6N-N_Uiunl9UFZb-HF3fqTSXdbxdH1zE_-KuqOxIRg,eyJhbGciOiJIUzUxMiJ9.eyJqdGkiOiIxNjc1OTkyMyIsIm5iZiI6MTcwNDc2NjMwNywiZXhwIjoxNzA0NzY2NjA3fQ.u5O33wi6OZYi8bJ3_cHyXp8oWQL2LNCPmUtUjuDj0FMACd6yIr11KIzt6VD4GM4vw7deUURLrzS4i8HFA6fqUw,2024-01-08T18:00:05.000-0300,100290191
985300.0,100290191,DESALEX,4236728222,ORGANON FARMACÊUTICA LTDA.,45987013000134,5057502022,2022-05-31T19:36:29.000-0300,25351301427201475,eyJhbGciOiJIUzUxMiJ9.eyJqdGkiOiIxNjc1OTkyMiIsIm5iZiI6MTcwNDc2NjI5MiwiZXhwIjoxNzA0NzY2NTkyfQ.SGPMIdF8ykpo-mEARY1JSbnz0buMsUTaG_OAucNQI9uhE9jQFdA2YZ81zIQGCmzYBgaatHeGdfeYmjpp3LS2Ng,eyJhbGciOiJIUzUxMiJ9.eyJqdGkiOiIxNjc1OTkyMyIsIm5iZiI6MTcwNDc2NjI5MiwiZXhwIjoxNzA0NzY2NTkyfQ.uOffyOeYo9ztVq5MKD2GF27HOI0jaV3zgk9QqK6EjY_wAjgfTpIGZXL7SBmgyg2RxZbuXClvDPYuK2oF1ktEHw,2024-01-08T18:00:05.000-0300,100290191
3247.0,103700060,DEXASON,0577463233,LABORATÓRIO TEUTO BRASILEIRO S/A,17159229000176,5424472023,2023-06-06T11:21:19.000-0300,2500001418988,eyJhbGciOiJIUzUxMiJ9.eyJqdGkiOiIyMDAxMzI4MSIsIm5iZiI6MTcwNDc2NjMxNywiZXhwIjoxNzA0NzY2NjE3fQ.UKUeFX-g1B5QFjEwJcAEl0P8ZWEsgYBmZvFBHRgc8Z8b2Gc0Dzh92Z0AwSB3m3Ak45U8RQEyMnn1TW4nB9MUvg,eyJhbGciOiJIUzUxMiJ9.eyJqdGkiOiIyMDAxMzI4MiIsIm5iZiI6MTcwNDc2NjMxNywiZXhwIjoxNzA0NzY2NjE3fQ.w5TC6Sg8dD0CC6IXgY-AAwvKQ4RncmITUPyiAKaiMq1Js1cSjVmdwuUnVVhUQqhmnjt7MNf_21Apl6Z0N_WCow,2024-01-08T18:00:05.000-0300,103700060
3247.0,103700060,DEXASON,0577463233,LABORATÓRIO TEUTO BRASILEIRO S/A,17159229000176,5424472023,2023-06-06T11:21:19.000-0300,2500001418988,eyJhbGciOiJIUzUxMiJ9.eyJqdGkiOiIyMDAxMzI4MSIsIm5iZiI6MTcwNDc2NjMxNiwiZXhwIjoxNzA0NzY2NjE2fQ.RU9_dLUGXR8K-aJDu__KNJat7vHuVI5z_L2ZpBSMrcLCDC-IweL11gTBLH33IGvt2taF3qtoIoFKz1MUjzJlew,eyJhbGciOiJIUzUxMiJ9.eyJqdGkiOiIyMDAxMzI4MiIsIm5iZiI6MTcwNDc2NjMxNiwiZXhwIjoxNzA0NzY2NjE2fQ.3I46huclgLsxUhC2u3fWEeJxsENNo5_e_xRievdoycaVl19Ph_ZDO4B1WAv83crREXBGjv751CNMEdcfEdFZ5w,2024-01-08T18:00:05.000-0300,103700060
349899.0,100890193,GLIFAGE,3382014211,MERCK S/A,33069212000184,7660332021,2021-08-27T15:59:20.000-0300,250000121599352,eyJhbGciOiJIUzUxMiJ9.eyJqdGkiOiIxNDk1NTY1NyIsIm5iZiI6MTcwNDc2NjI5NSwiZXhwIjoxNzA0NzY2NTk1fQ.EchBInsi9qx2GtgsQ9YRc4nS3o6F9BjQAnLQiIijE4HhaliIUIzBcawVt35rW34wEzU8xK3ADoHdLaMsGX1nJg,eyJhbGciOiJIUzUxMiJ9.eyJqdGkiOiIxNDk1NTY1OCIsIm5iZiI6MTcwNDc2NjI5NSwiZXhwIjoxNzA0NzY2NTk1fQ.lEcPFdx-GR5ZG16icqR-MH_5g3VpbqqzS95YzhCjblZw-lcj9l-Zw1eZrH1x85xc9htGYGn6dlQHCqcWLdb8Zg,2024-01-08T18:00:05.000-0300,100890193
5510.0,100290031,RENITEC,3058356218,ORGANON FARMACÊUTICA LTDA.,45987013000134,6883972021,2021-08-05T10:05:40.000-0300,2500001472983,eyJhbGciOiJIUzUxMiJ9.eyJqdGkiOiIxNDgwMjIxNyIsIm5iZiI6MTcwNDc2NjMzMCwiZXhwIjoxNzA0NzY2NjMwfQ.hBgai3i7wAqV6iA66KRvdeCdzHOEFu6mOfCNLozi1LquQtay9eVjKftFaCx_eO5pdKaM1vJaeDviiIM5TCnbmg,eyJhbGciOiJIUzUxMiJ9.eyJqdGkiOiIxNDgwMjIxOCIsIm5iZiI6MTcwNDc2NjMzMCwiZXhwIjoxNzA0NzY2NjMwfQ.bv-GAuLchObKPEOh1Txxk6B64zV7v-tTJYJm3EO8iwesXAJ51Z4gam-U4SE58HNY0KsSbx-KTkAINEiJsr9CYg,2024-01-08T18:00:05.000-0300,100290031
986057.0,100290189,METICORTEN,0997333235,ORGANON FARMACÊUTICA LTDA.,45987013000134,9152452023,2023-09-19T22:25:17.000-0300,25351302319201401,eyJhbGciOiJIUzUxMiJ9.eyJqdGkiOiIyMTA1NDIwOSIsIm5iZiI6MTcwNDc2NjMzMywiZXhwIjoxNzA0NzY2NjMzfQ.r9gVnweIQTTtFwVP_EUCosaZupgI1r30tJ2QEY6qBVt5_zuB44lK4NBC5N_-xxCQivR35Gphh-RAUDuEhWFnaA,eyJhbGciOiJIUzUxMiJ9.eyJqdGkiOiIyMTA1NDIxMCIsIm5iZiI6MTcwNDc2NjMzMywiZXhwIjoxNzA0NzY2NjMzfQ.76XArPWLrshdUURO9Hp2vQQALbD4nwU8MGc5pBHCzVNMYsDcgdGx7ZRa2Gscm6Z3SXuMo63bG6Es2odVzCdjkA,2024-01-08T18:00:05.000-0300,100290189
1181106.0,121100424,ZOLTEC,0224639234,PFIZER BRASIL LTDA,61072393000133,2054822023,2023-03-07T09:38:40.000-0300,25351097591201709,eyJhbGciOiJIUzUxMiJ9.eyJqdGkiOiIxOTEwMTkxNSIsIm5iZiI6MTcwNDc2NjI5OSwiZXhwIjoxNzA0NzY2NTk5fQ.Z_xaGEDIOOcW_VsgbQo1Ac63nJs-tv4K4pl03cYW418n-5wPeogbOEp9uuxw9vx7x5BHV6cL-u9LYwQ8VEMBmA,eyJhbGciOiJIUzUxMiJ9.eyJqdGkiOiIxOTEwMTkxNiIsIm5iZiI6MTcwNDc2NjI5OSwiZXhwIjoxNzA0NzY2NTk5fQ.W6EV5cEZdB45LnB06ssG74nfFaNjQmYyVFZiR1Z9Ob3vbD3-6Xtsa9unZBYXr8Jazu2P4epYluV9IzYBFYJPQg,2024-01-08T18:00:05.000-0300,121100424
1181106.0,121100424,ZOLTEC,0224639234,PFIZER BRASIL LTDA,61072393000133,2054822023,2023-03-07T09:38:40.000-0300,25351097591201709,eyJhbGciOiJIUzUxMiJ9.eyJqdGkiOiIxOTEwMTkxNSIsIm5iZiI6MTcwNDc2NjMzMywiZXhwIjoxNzA0NzY2NjMzfQ.fQ2kQJA6aY6D8lx7Fd_VVTKmA6rjAK1h0B6WzQwMMMtS3XJ0mIRc2KExGHya_Jh_5k8EQ6s2EhWBhjYcYs5wYA,eyJhbGciOiJIUzUxMiJ9.eyJqdGkiOiIxOTEwMTkxNiIsIm5iZiI6MTcwNDc2NjMzMywiZXhwIjoxNzA0NzY2NjMzfQ.TWWyJWo22GMcGkOXqPLFXt7B2rhfc-5labBJdXMG5tpWBrpMnHLRLWOoBZKllrtFDQwQBIViZ0N0DRsdrRTSqg,2024-01-08T18:00:05.000-0300,121100424
6475.0,101000555,TAMIFLU,0704092221,PRODUTOS ROCHE QUÍMICOS E FARMACÊUTICOS S.A.,33009945000123,1806342022,2022-02-24T17:58:50.000-0300,250000278509907,eyJhbGciOiJIUzUxMiJ9.eyJqdGkiOiIxNjExNTkyMiIsIm5iZiI6MTcwNDc2NjI5NCwiZXhwIjoxNzA0NzY2NTk0fQ.LEYEzpkiQxaHWowsPrmLoiGMFuoHGZbyxgUDC_5tc9ehlwhXayU8Oh749YZigePFt0PGhds3s5ixopIEfw5KYg,eyJhbGciOiJIUzUxMiJ9.eyJqdGkiOiIxNjExNTkyMyIsIm5iZiI6MTcwNDc2NjI5NCwiZXhwIjoxNzA0NzY2NTk0fQ.q7Wx84aPAbZZpMGJv5Yo88rwnSC1iPOmzd4Z1L0gP6zGO8g6C9N9NKxgKurTvkPEiTUj065aF4BUMKqcDmR_Cg,2024-01-08T18:00:05.000-0300,101000555
6475.0,101000555,TAMIFLU,0704092221,PRODUTOS ROCHE QUÍMICOS E FARMACÊUTICOS S.A.,33009945000123,1806342022,2022-02-24T17:58:50.000-0300,250000278509907,eyJhbGciOiJIUzUxMiJ9.eyJqdGkiOiIxNjExNTkyMiIsIm5iZiI6MTcwNDc2NjM0NywiZXhwIjoxNzA0NzY2NjQ3fQ.OBmqprded-K6VmYvl5p4TWxOTV_17SgAlWxb3Btq2RtMeL42ia8WX_O_HwvF5SsVJJ7klSRwsgEGY5--pRlGEA,eyJhbGciOiJIUzUxMiJ9.eyJqdGkiOiIxNjExNTkyMyIsIm5iZiI6MTcwNDc2NjM0NywiZXhwIjoxNzA0NzY2NjQ3fQ.XZJpuYdJ6tU-861q2-GhLAnir3Fyff3OrvehrKotBBCRrAo9v1QgW4ovnirN98Iopl-A32FEDBgz-M7Y04YvXQ,2024-01-08T18:00:05.000-0300,101000555
606720.0,105830642,cloridrato de hidroxizina,1362806212,GERMED FARMACEUTICA LTDA,45992062000165,2977012021,2021-04-09T17:08:38.000-0300,25351754920200883,eyJhbGciOiJIUzUxMiJ9.eyJqdGkiOiIxNDAzMDY1OSIsIm5iZiI6MTcwNDc2NjMyMywiZXhwIjoxNzA0NzY2NjIzfQ.k2q9Y6eqVbWz2fLN_T53U1tysHYXCpufOqKvkRvdegDqjCSfncZEEnwR4Zouo9x5zqm3JFyF2Kmbde02I_e8Fg,eyJhbGciOiJIUzUxMiJ9.eyJqdGkiOiIxNDAzMDY2MCIsIm5iZiI6MTcwNDc2NjMyMywiZXhwIjoxNzA0NzY2NjIzfQ.3xtNN59kbOy9KNoT03_h7JtHahz058KavAFoPKl81qG-qz6lU8nAckmZ-vUv1qJ1oBduALnoOAf0Ww9a2Bc40w,2024-01-08T18:00:05.000-0300,105830642
1076131.0,178170807,ALIVIUM,4649218225,COSMED INDUSTRIA DE COSMETICOS E MEDICAMENTOS S.A.,61082426000207,8309842022,2022-09-05T09:55:44.000-0300,25351258367201574,eyJhbGciOiJIUzUxMiJ9.eyJqdGkiOiIxNzQ4MjEyMSIsIm5iZiI6MTcwNDc2NjMyNSwiZXhwIjoxNzA0NzY2NjI1fQ.pCt-gVfw-6tCarSD4YSo7H9usgi63vp_Gr0Zby8VWuG2HgJpR1eHA-nDLAcFHZYSdXWegI6x81CS5XfV1ore1w,eyJhbGciOiJIUzUxMiJ9.eyJqdGkiOiIxNzQ4MjEyMiIsIm5iZiI6MTcwNDc2NjMyNSwiZXhwIjoxNzA0NzY2NjI1fQ.rwLoJleK_9Twd9Tg-3sZY8eOyez4PIZ1TXtnnyjqCdUszxZx-ZSisp3YNYyHZUb6ihorvoS4w71ddqJ6fiwCXQ,2024-01-08T18:00:05.000-0300,178170807
282196.0,112360015,IMOSEC,0736792236,JANSSEN-CILAG FARMACÊUTICA LTDA,51780468000187,6856072023,2023-07-17T15:17:37.000-0300,2500100614073,eyJhbGciOiJIUzUxMiJ9.eyJqdGkiOiIyMDQwOTQ3NyIsIm5iZiI6MTcwNDc2NjM0NiwiZXhwIjoxNzA0NzY2NjQ2fQ.ee194jaIWQawe68qZWWs4-FdCPwxqEnnVEZ1xNY35RORIdKBeGr5ar9T-Q874jz7gNYjQU0cPrTN4L_whsRS0A,eyJhbGciOiJIUzUxMiJ9.eyJqdGkiOiIyMDQwOTQ3OCIsIm5iZiI6MTcwNDc2NjM0NiwiZXhwIjoxNzA0NzY2NjQ2fQ.PfSe5poO4nfw8_ES8VY8k7PnTvTSQs3T39PEL1krZYcYERjmAbS9y46j-oLGqxB6OVrjyrVEuIbjcZ8aPJys0A,2024-01-08T18:00:05.000-0300,112360015
789015.0,105530351,REVECTINA,0344101231,ABBOTT LABORATÓRIOS DO BRASIL LTDA,56998701000116,3155272023,2023-04-05T15:22:46.000-0300,25351261048201172,eyJhbGciOiJIUzUxMiJ9.eyJqdGkiOiIxOTQxMDA3OSIsIm5iZiI6MTcwNDc2NjM0OCwiZXhwIjoxNzA0NzY2NjQ4fQ.RYJmL4FJGIg3y_1yZ97Nv7LkIEb9QlNWTbttdWY2drcsD66GQ_TQ07mBxrROPutO5aliGLTUTMHRQGrm2hGkvw,eyJhbGciOiJIUzUxMiJ9.eyJqdGkiOiIxOTQxMDA4MCIsIm5iZiI6MTcwNDc2NjM0OCwiZXhwIjoxNzA0NzY2NjQ4fQ.gubWUr6_UzFSuYsHdNIEZlN-E2ybTeNF9ictPymzeU7dB7-5wiuBw4OQ-ioXIkyozcG0y8m94s-a8Y5kP_pUeQ,2024-01-08T18:00:05.000-0300,105530351
1057065.0,178170783,CELESTAMINE,0101707231,COSMED INDUSTRIA DE COSMETICOS E MEDICAMENTOS S.A.,61082426000207,983362023,2023-02-01T16:04:25.000-0300,25351268908201530,eyJhbGciOiJIUzUxMiJ9.eyJqdGkiOiIxODgwNzIwNiIsIm5iZiI6MTcwNDc2NjM0MSwiZXhwIjoxNzA0NzY2NjQxfQ.ehkXEk2JDEevzqN48ODtkKWgCipCjGVuwKGqm_HFq0lutyEQc6_vSG_hYM5U2FUIjxyQzDmlKIvPqYN7lCwtiA,eyJhbGciOiJIUzUxMiJ9.eyJqdGkiOiIxODgwNzIwNyIsIm5iZiI6MTcwNDc2NjM0MSwiZXhwIjoxNzA0NzY2NjQxfQ.5OsO8ho7TVhyzIwqBH2QQ2T26rPtE7UOXoPuZHvjnK5qiSFoNuoazhvwLqkfQNQ5Wwo17-pZaEvlbNcqk7-yeg,2024-01-08T18:00:05.000-0300,178170783
5315.0,112363316,LEVAQUIN,0725251239,JANSSEN-CILAG FARMACÊUTICA LTDA,51780468000187,6764942023,2023-07-13T22:44:55.000-0300,250000096949651,eyJhbGciOiJIUzUxMiJ9.eyJqdGkiOiIyMDM4MjA5MCIsIm5iZiI6MTcwNDc2NjM0OSwiZXhwIjoxNzA0NzY2NjQ5fQ.ZsesvhQ1nCGRlURgyAYyzUHSOyk-3WOkJL_qVkZEu-SHUJzoiXahiaqSBrKDr1NQxgfDKYTydcsDS4FizWUXkA,eyJhbGciOiJIUzUxMiJ9.eyJqdGkiOiIyMDM4MjA5MSIsIm5iZiI6MTcwNDc2NjM0OSwiZXhwIjoxNzA0NzY2NjQ5fQ.xRXvaEFzn5yOUgmX3CKgM52SyEh6cobqSV-9EBHRfvyZxlO4WgigRkeIB5Aw6tXt2ebLYfjC0rLCLlUba2oM0w,2024-01-08T18:00:05.000-0300,112363316
1385379.0,183260419,OROXADIN,4354759201,SANOFI MEDLEY FARMACÊUTICA LTDA.,10588595001092,9889512020,2020-12-09T10:59:34.000-0300,25351627496201922,eyJhbGciOiJIUzUxMiJ9.eyJqdGkiOiIxMzM2NDUzMCIsIm5iZiI6MTcwNDc2NjM3MiwiZXhwIjoxNzA0NzY2NjcyfQ.Onrv2KrxIyV1h1E3bxPP5DvbW8SeZI_gtgJ4tGsMBeHejsYGAvmveFIrhrKRV2y2aLRDp_bpNvgtxr1SnAT3lA,eyJhbGciOiJIUzUxMiJ9.eyJqdGkiOiIxMzM2NDUzMyIsIm5iZiI6MTcwNDc2NjM3MiwiZXhwIjoxNzA0NzY2NjcyfQ.KHEyb9LOrI4tA0QsGIbSF58VOqQ_Taz7ipy85uCvSks4Pop7gxPLAgsdQjho-MBJQyZSwSfYDx3JI2Jdpdvo5w,2024-01-08T18:00:05.000-0300,183260419
1174889.0,170560110,CLARITIN,1554667215,BAYER S.A.,18459628000115,3443902021,2021-04-23T10:30:20.000-0300,25351063411201706,eyJhbGciOiJIUzUxMiJ9.eyJqdGkiOiIxNDExODEwNCIsIm5iZiI6MTcwNDc2NjM0MiwiZXhwIjoxNzA0NzY2NjQyfQ.lyOAKfa130jQaHTb8Y9etMCydHoQB73--_wrRuAgWr5FGpxh934QiwUOulWNyZ3-BZmZy-ynK7IW4vdmqzl9VQ,eyJhbGciOiJIUzUxMiJ9.eyJqdGkiOiIxNDExODE0OCIsIm5iZiI6MTcwNDc2NjM0MiwiZXhwIjoxNzA0NzY2NjQyfQ.0T5JgdaZc9VnwFYK33u7W53GSQidttXiiZjeJVziU8k-A6z8JCjMHbRk44BaWfg5C8Jy7N7t0AtQXfsuaYnooQ,2024-01-08T18:00:05.000-0300,170560110
336699.0,100290007,COZAAR,4917448221,ORGANON FARMACÊUTICA LTDA.,45987013000134,10517452022,2022-11-08T13:18:02.000-0300,250000052239411,eyJhbGciOiJIUzUxMiJ9.eyJqdGkiOiIxODA1NTEwNyIsIm5iZiI6MTcwNDc2NjM3NCwiZXhwIjoxNzA0NzY2Njc0fQ.5eLh85rVXyLBR6YkkAy9v6c4eX100OzhGlIwF6ks1i78pscgnF2F1ESDVgWVHkuB7hffQKPpjLrH-L8YTAfiDg,eyJhbGciOiJIUzUxMiJ9.eyJqdGkiOiIxODA1NTEwOCIsIm5iZiI6MTcwNDc2NjM3NCwiZXhwIjoxNzA0NzY2Njc0fQ.Uj5-oAt8dcN6UBZDH3s0vg0t3--brF1vR7MKWc-awD34-flBI5cy5LEFZ61Xt6Q2S7qz62TTYGH0PjwSWjTMiQ,2024-01-08T18:00:05.000-0300,100290007
1057065.0,178170783,CELESTAMINE,0101707231,COSMED INDUSTRIA DE COSMETICOS E MEDICAMENTOS S.A.,61082426000207,983362023,2023-02-01T16:04:25.000-0300,25351268908201530,eyJhbGciOiJIUzUxMiJ9.eyJqdGkiOiIxODgwNzIwNiIsIm5iZiI6MTcwNDc2NjM0NSwiZXhwIjoxNzA0NzY2NjQ1fQ.w_WwKqgYeQBgYurD3dPsUPXZUK7TV7Ze7MFk8CsMA3tUbD9AtjxbQ8P2f1j75iTNHqXc6JO7E-W5StAB9VnfzA,eyJhbGciOiJIUzUxMiJ9.eyJqdGkiOiIxODgwNzIwNyIsIm5iZiI6MTcwNDc2NjM0NSwiZXhwIjoxNzA0NzY2NjQ1fQ.G1RUw8oAlsHeXRq9fDy06dKAVjDe2lDbLsk1aRikl22J-80gYBjentbKbNgREAUyMESRNzJpmoJtHQaTsBu9gQ,2024-01-08T18:00:05.000-0300,178170783
3163021.0,100290224,REMERON,4395771220,ORGANON FARMACÊUTICA LTDA.,45987013000134,6280152022,2022-07-07T17:04:49.000-0300,25351378467202146,eyJhbGciOiJIUzUxMiJ9.eyJqdGkiOiIxNzAyOTE4NCIsIm5iZiI6MTcwNDc2NjM3MywiZXhwIjoxNzA0NzY2NjczfQ.ZF8lVHe2GGeOiPeG6nWs7SgOD5TSj6xDUIwAEggENGXdHjQYu8ShO_VZjPIC7eWgvmlvMxCFJM3mgUYAGfnwow,eyJhbGciOiJIUzUxMiJ9.eyJqdGkiOiIxNzAyOTE4NSIsIm5iZiI6MTcwNDc2NjM3MywiZXhwIjoxNzA0NzY2NjczfQ.rrYOQiMM2vSi3gBpcCcOUNCKM5ET2wH-u8R67_V0c9m8yEqVtfIJb33UghoMb5uolQzxptGawNDcsNLdL-ziBw,2024-01-08T18:00:05.000-0300,100290224
409066.0,109740194,VONAU,0794910238,BIOLAB SANUS FARMACÊUTICA LTDA,49475833000106,7356732023,2023-07-31T10:56:32.000-0300,25351088885200524,eyJhbGciOiJIUzUxMiJ9.eyJqdGkiOiIyMDU1NDQ2OCIsIm5iZiI6MTcwNDc2NjM0MywiZXhwIjoxNzA0NzY2NjQzfQ.peFwEqs7AhUEsuapVWJz9Cfu9pGQmMPqt3iI4OI_WoPHlSfr6m7on3OPEESdQ243eCyVy9zBW_hSJlaner-qxg,eyJhbGciOiJIUzUxMiJ9.eyJqdGkiOiIyMDU1NDQ2OSIsIm5iZiI6MTcwNDc2NjM0MywiZXhwIjoxNzA0NzY2NjQzfQ.U6ZOkyxge0mW4J42YVQc0qWJxtd1-257ivETJYjYHYwrDrUEBhgbrVEDpWfc_4z12wqbIovwq1gzyEmo0Hzs4Q,2024-01-08T18:00:05.000-0300,109740194
356565.0,105730301,NISULID,2538914221,ACHÉ LABORATÓRIOS FARMACÊUTICOS S.A,60659463002992,3798902022,2022-04-26T16:04:58.000-0300,25351067204200322,eyJhbGciOiJIUzUxMiJ9.eyJqdGkiOiIxNjUwNjk3OCIsIm5iZiI6MTcwNDc2NjM3NywiZXhwIjoxNzA0NzY2Njc3fQ._h0sRFpFbvfcTnOisnBhVSDLos9mvhlD5kPnqRbMbS5EbgVmvtf1l_00Fzpcft3Wpeq68__WO08ZCNdvBoY3rw,eyJhbGciOiJIUzUxMiJ9.eyJqdGkiOiIxNjUwNjk3OSIsIm5iZiI6MTcwNDc2NjM3NywiZXhwIjoxNzA0NzY2Njc3fQ.X61H3tjORg9ArAl7-YqpfJmHbrbF2s4QBAICI_hfl64Z3OXLU6w_ttlhU3n1uDS2rnxr8_2Oej37y2Nnu9KbFw,2024-01-08T18:00:05.000-0300,105730301
801788.0,106390260,DERMODEX,0243861222,TAKEDA PHARMA LTDA.,60397775000174,530442022,2022-01-19T10:20:35.000-0300,25351585810201104,eyJhbGciOiJIUzUxMiJ9.eyJqdGkiOiIxNTg4MTI4OCIsIm5iZiI6MTcwNDc2NjM3OCwiZXhwIjoxNzA0NzY2Njc4fQ.IZTKEx0KGATzst1iJBBijuOsiDykUOI-RVD-G560RfYC70zDhbBL5Ky6MNu6YCKBckmTDNL3mgp05ljln5K5yA,eyJhbGciOiJIUzUxMiJ9.eyJqdGkiOiIxNTg4MTI4OSIsIm5iZiI6MTcwNDc2NjM3OCwiZXhwIjoxNzA0NzY2Njc4fQ.AVKAaFkRtsGKY92jsfaRwMalANDNMeg9zaSMPZfGloyHiSJLInEJyIbSw6yF9MGXX4CLzbfD-P9gAgy69ZHl0Q,2024-01-08T18:00:05.000-0300,106390260
908224.0,170560099,GYNO-ICADEN,0464130212,BAYER S.A.,18459628000115,937252021,2021-02-04T12:04:57.000-0300,25351013646201151,eyJhbGciOiJIUzUxMiJ9.eyJqdGkiOiIxMzY0Mzk0MyIsIm5iZiI6MTcwNDc2NjM1NiwiZXhwIjoxNzA0NzY2NjU2fQ.4PEyuP-EAldp10KZUfSLYIAJPmsoT0Y_PxzjH0RLmSO_oszXzlU8TWf8ySAOaKgz2FE5eOhFZ6RdE8KIBedCSA,eyJhbGciOiJIUzUxMiJ9.eyJqdGkiOiIxMzY0NDEzMiIsIm5iZiI6MTcwNDc2NjM1NiwiZXhwIjoxNzA0NzY2NjU2fQ.i0k0DOAjaALjzy2tk6REHZHRQCLTKwgiXYRvEw5kYBYN4EA7oLeJvHTxuk6tBc8gUbQ8eL9OTkuuBU8dj8AzbQ,2024-01-08T18:00:05.000-0300,170560099
1018494.0,183260141,norfloxacino,3110548216,SANOFI MEDLEY FARMACÊUTICA LTDA.,10588595001092,6978682021,2021-08-09T10:25:41.000-0300,25351680286201415,eyJhbGciOiJIUzUxMiJ9.eyJqdGkiOiIxNDgyMDk3OSIsIm5iZiI6MTcwNDc2NjM1NSwiZXhwIjoxNzA0NzY2NjU1fQ.g95ycYvRqXi42TDr2wkNJFn0GwXwQv9BwZip2-97olENDuJil6dS05ckIeazyVNhqJj5t09_DScQuk9ukIEkuw,eyJhbGciOiJIUzUxMiJ9.eyJqdGkiOiIxNDgyMDk4MCIsIm5iZiI6MTcwNDc2NjM1NSwiZXhwIjoxNzA0NzY2NjU1fQ.1yUWlyoE1x6crbs-JDU5m9-McKHjwMvAzBkvAsA4AZY-jMaDxbIOx112va8Kx-eMEBMtalpU_eLzgVDHZ5EG5Q,2024-01-08T18:00:05.000-0300,183260141
1018494.0,183260141,norfloxacino,3110548216,SANOFI MEDLEY FARMACÊUTICA LTDA.,10588595001092,6978682021,2021-08-09T10:25:41.000-0300,25351680286201415,eyJhbGciOiJIUzUxMiJ9.eyJqdGkiOiIxNDgyMDk3OSIsIm5iZiI6MTcwNDc2NjM3OCwiZXhwIjoxNzA0NzY2Njc4fQ.Jx3t6NkfB_thH0cUtq1i7t8qZ8z3pWGvWrMq1dS1SKKJB8G2SrKqumYJiBbmz4urhnoObarcew6iq7lNl29P4w,eyJhbGciOiJIUzUxMiJ9.eyJqdGkiOiIxNDgyMDk4MCIsIm5iZiI6MTcwNDc2NjM3OCwiZXhwIjoxNzA0NzY2Njc4fQ.8YwXmb5EUZCw_Qw152GfaFtC0ct7RR1D13LxHedVFNyvQrOxG3zxmxy1007cHj5rSVr7viAyk7EnBoj97LWmsA,2024-01-08T18:00:05.000-0300,183260141
631684.0,170560047,FLANAX,1555264211,BAYER S.A.,18459628000115,3447162021,2021-04-23T11:01:21.000-0300,25351360028200567,eyJhbGciOiJIUzUxMiJ9.eyJqdGkiOiIxNDExOTIzMSIsIm5iZiI6MTcwNDc2NjM1MiwiZXhwIjoxNzA0NzY2NjUyfQ.Sm9GZ1zJiV4iGWnCFfF0waGIgPh9y6me6SXNWSOFzXvh8Z3vG2f_JqPPD6au8dVGuonviCFUnqA_ztH9sgnyUA,eyJhbGciOiJIUzUxMiJ9.eyJqdGkiOiIxNDExOTQzOSIsIm5iZiI6MTcwNDc2NjM1MiwiZXhwIjoxNzA0NzY2NjUyfQ.vXImDZb4Nq4SCETQ16QCQf4XEYnyIH_QCi2x_YxfCOJiFP0pshTfVUC1-UJ6T2YSyYn3befOhHmk_Z5ACTDSwA,2024-01-08T18:00:05.000-0300,170560047
2746.0,105730050,SORINE,0718691237,ACHÉ LABORATÓRIOS FARMACÊUTICOS S.A,60659463002992,6700612023,2023-07-12T16:13:31.000-0300,2599100536880,eyJhbGciOiJIUzUxMiJ9.eyJqdGkiOiIyMDM2NDI4NiIsIm5iZiI6MTcwNDc2NjM4MSwiZXhwIjoxNzA0NzY2NjgxfQ.MMKeVauVq4ULNk54h9SZu_qo0OusYIdslrbeaoFvPj_epUguQZ77FamYwqR76TntYjDctwvv2h5bucHbSuJAjw,eyJhbGciOiJIUzUxMiJ9.eyJqdGkiOiIyMDM2NDI4NyIsIm5iZiI6MTcwNDc2NjM4MSwiZXhwIjoxNzA0NzY2NjgxfQ.LBrf78Y3X42bWMPkXDvrPOfWJ0bZOkRr1CVfp65xa3bAF0tF92ZfHFfPUOilNUYN3G0Dg1PxIbkJorvwdCRQqw,2024-01-08T18:00:05.000-0300,105730050
339492.0,112363326,TYLENOL,0737390239,JANSSEN-CILAG FARMACÊUTICA LTDA,51780468000187,6865292023,2023-07-17T16:49:24.000-0300,2599201628473,eyJhbGciOiJIUzUxMiJ9.eyJqdGkiOiIyMDQxMTkwOCIsIm5iZiI6MTcwNDc2NjM2MCwiZXhwIjoxNzA0NzY2NjYwfQ.Qo_NlgAVwGX_c2sxKSbbbIIWDwMDdo2kmQhxsdOnQChTaX90abVZqZPa1VUQJb7hSQZs6YxZImM9VsCaEOjPsA,eyJhbGciOiJIUzUxMiJ9.eyJqdGkiOiIyMDQxMTkwOSIsIm5iZiI6MTcwNDc2NjM2MCwiZXhwIjoxNzA0NzY2NjYwfQ.f19NH-CBz0xqQBQrZnIvLydHuq8pbySYMnUONiPBR8dTZRr2cabVhzta6mxeJDy7AbSXjM7VJE74lgEblB5B6g,2024-01-08T18:00:05.000-0300,112363326
2781424.0,109740346,LIVALO,5056299227,BIOLAB SANUS FARMACÊUTICA LTDA,49475833000106,11752472022,2022-12-15T15:45:23.000-0300,25351373964202158,eyJhbGciOiJIUzUxMiJ9.eyJqdGkiOiIxODM5MzYzMyIsIm5iZiI6MTcwNDc2NjM2NywiZXhwIjoxNzA0NzY2NjY3fQ.mYMtcWpxgbQ7O33uLVBJvJZD2W9y5odgxBgUhBcwtveVmWB75V7-c9acq9LS6jO2QLaWHuk-kOgEQrDx8kXyvA,eyJhbGciOiJIUzUxMiJ9.eyJqdGkiOiIxODM5MzYzNCIsIm5iZiI6MTcwNDc2NjM2NywiZXhwIjoxNzA0NzY2NjY3fQ.HwabvWXS6c7mmU5uz-faSUSqhfefXBe08pyYwe4BPsuc3kBQZ2Qnf-YQPUw2RQ5d0EOFCZJjbBO0VXj8W0VRPg,2024-01-08T18:00:05.000-0300,109740346
137633.0,103920147,AMPRAX,1919847217,VITAMEDIC INDUSTRIA FARMACEUTICA LTDA,30222814000131,4289852021,2021-05-18T15:35:39.000-0300,253510312080068,eyJhbGciOiJIUzUxMiJ9.eyJqdGkiOiIxNDI3NTU1MiIsIm5iZiI6MTcwNDc2NjM2NywiZXhwIjoxNzA0NzY2NjY3fQ.63lZGUXaMKCx_3VdFWCwL9ChtMZ5W8R1ZAQKGd7L_rmZdQBpUHQDBNuqdrU3q6cuN_HfUgawTIX94NlSgus71A,eyJhbGciOiJIUzUxMiJ9.eyJqdGkiOiIxNDI3NTU3NiIsIm5iZiI6MTcwNDc2NjM2NywiZXhwIjoxNzA0NzY2NjY3fQ.jkgkfkLQjoJeGUeUYZjDJLB2jQZ9KEeWziQOcH1agDziV9kXhpZWpWdMMOgJJMjUXS5Hw6cQHw2Q-GNpyjXuXw,2024-01-08T18:00:05.000-0300,103920147
345327.0,101070198,PSOREX,0789334232,GLAXOSMITHKLINE BRASIL LTDA,33247743000110,7308512023,2023-07-28T13:15:17.000-0300,25351062964200343,eyJhbGciOiJIUzUxMiJ9.eyJqdGkiOiIyMDU0MTI0OSIsIm5iZiI6MTcwNDc2NjM3OCwiZXhwIjoxNzA0NzY2Njc4fQ.PTszVZHX0w9lNRvZ1Qp-lMdKlnPTDXexfgzjhklqCd-zr8CNBKY7Ihk-nZ4kgM4jeafd8qPyfe2HoxjpTfuU3Q,eyJhbGciOiJIUzUxMiJ9.eyJqdGkiOiIyMDU0MTI1MCIsIm5iZiI6MTcwNDc2NjM3OCwiZXhwIjoxNzA0NzY2Njc4fQ.k3bAXOp8F-Yh9AuLdewoyLPeY3wq1IdjY-gDDY4up-2FZ8JgI344bcFJCeXk0VC3CLOFeq1tdxlYlnNydhqKlA,2024-01-08T18:00:05.000-0300,101070198
103.0,112360031,RISPERDAL,0802730230,JANSSEN-CILAG FARMACÊUTICA LTDA,51780468000187,7438932023,2023-08-01T18:20:54.000-0300,250000144809272,eyJhbGciOiJIUzUxMiJ9.eyJqdGkiOiIyMDU3OTAxOSIsIm5iZiI6MTcwNDc2NjQxMCwiZXhwIjoxNzA0NzY2NzEwfQ.GUwLqIDnz2VJ83FKRAr6l1uy1cjunvZTL7tDYNPb3jgWLS2qnD_--N8ZosGJ1xcu8IzGWp1ys8iE_0ov0ol64g,eyJhbGciOiJIUzUxMiJ9.eyJqdGkiOiIyMDU3OTAyMCIsIm5iZiI6MTcwNDc2NjQxMCwiZXhwIjoxNzA0NzY2NzEwfQ.v3ve3XU0pSWqLe2FcGNs68NiS3eU2LnXqmhAU2zMGUkbtFuhbQkYm8pt7UrZkcnGkDIjxwsoYl-r45Ecp8qCKg,2024-01-08T18:00:05.000-0300,112360031
103.0,112360031,RISPERDAL,0802730230,JANSSEN-CILAG FARMACÊUTICA LTDA,51780468000187,7438932023,2023-08-01T18:20:54.000-0300,250000144809272,eyJhbGciOiJIUzUxMiJ9.eyJqdGkiOiIyMDU3OTAxOSIsIm5iZiI6MTcwNDc2NjM4MCwiZXhwIjoxNzA0NzY2NjgwfQ.7Y6uMxZI4WQ-ctnixh-ApWt2K8OsMXQeQ6OHwJxzf6c9gg8LzN73ZHROlrDv-qHNm0ciPzSd29eleiC5-tXqAw,eyJhbGciOiJIUzUxMiJ9.eyJqdGkiOiIyMDU3OTAyMCIsIm5iZiI6MTcwNDc2NjM4MCwiZXhwIjoxNzA0NzY2NjgwfQ.TOUrvCLE3mCXjsyjFwVN6wt748dh8HiZqsvY1BwI-FhsWwIcTR57yRwUO31eC6QaPcO5mn-O8RgrN04G4lLj8A,2024-01-08T18:00:05.000-0300,112360031
636154.0,170560048,Xarelto,1313586234,BAYER S.A.,18459628000115,11425342023,2023-11-23T20:39:25.000-0300,25351040441200851,eyJhbGciOiJIUzUxMiJ9.eyJqdGkiOiIyMTY4MjYwMyIsIm5iZiI6MTcwNDc2NjQwOCwiZXhwIjoxNzA0NzY2NzA4fQ.6M4FOvA1nFdTRZMUTw8Kfv1Qovv9x87chuSyxMUB8Au1D5m22Xuhmlo63FUg55Gk6HPdaGjA77tsJnqKuGmTig,eyJhbGciOiJIUzUxMiJ9.eyJqdGkiOiIyMTY4MjYwNCIsIm5iZiI6MTcwNDc2NjQwOCwiZXhwIjoxNzA0NzY2NzA4fQ.MIF4vRLKz3jpOI-kwtwzhhwA1QHZ1gvkc5xj-_bknjwBsox6lAbWtWtaNni_YC7SYHr5luxXNW5vlf6_I3jFCA,2024-01-08T18:00:05.000-0300,170560048
1386762.0,183260440,SECNIDAL,2466304210,SANOFI MEDLEY FARMACÊUTICA LTDA.,10588595001092,5552852021,2021-06-25T11:33:05.000-0300,25351627550201930,eyJhbGciOiJIUzUxMiJ9.eyJqdGkiOiIxNDUzNDYxMiIsIm5iZiI6MTcwNDc2NjQxMSwiZXhwIjoxNzA0NzY2NzExfQ.Tzdxc3dAaf_LflgApzuE9ALLtT3rZf8dlZaZ1XSSiSzTAGcAcNMHiwHzK5thlKUvL0ZKZuxTmf3AWQ8SGzVVBw,eyJhbGciOiJIUzUxMiJ9.eyJqdGkiOiIxNDUzNDYxMyIsIm5iZiI6MTcwNDc2NjQxMSwiZXhwIjoxNzA0NzY2NzExfQ.gZ17-SxeQmmC933TSWfhYFLmjozft1t8qbZbu-lx44hwPlUAfKCUPg55rH_C5j-hU1ff6bEQ2y_dnQJjtw6p6w,2024-01-08T18:00:05.000-0300,183260440
7407.0,100470270,SINVASTACOR,1059787237,SANDOZ DO BRASIL INDÚSTRIA FARMACÊUTICA LTDA,61286647000116,9715902023,2023-10-05T07:31:58.000-0300,253510062440020,eyJhbGciOiJIUzUxMiJ9.eyJqdGkiOiIyMTIxMzIyMSIsIm5iZiI6MTcwNDc2NjQwNSwiZXhwIjoxNzA0NzY2NzA1fQ.N6ovCZZBJM3oOTlDvSuMJEwUqRLH6JJrPTKCfvZ06NXDvsochoFSf-z7MUkwTgonxuMoN2uLhgqpaTv_i-76jg,eyJhbGciOiJIUzUxMiJ9.eyJqdGkiOiIyMTIxMzIyMiIsIm5iZiI6MTcwNDc2NjQwNSwiZXhwIjoxNzA0NzY2NzA1fQ.OwRtiwwU-n4iIq-EqBLaGwlSKZaTrc2DlJ4SV21BV9IFsRKy48tGxqgkFpuTmbJArw-kqO6Xr6u6ybYeDzHZjg,2024-01-08T18:00:05.000-0300,100470270
7407.0,100470270,SINVASTACOR,1059787237,SANDOZ DO BRASIL INDÚSTRIA FARMACÊUTICA LTDA,61286647000116,9715902023,2023-10-05T07:31:58.000-0300,253510062440020,eyJhbGciOiJIUzUxMiJ9.eyJqdGkiOiIyMTIxMzIyMSIsIm5iZiI6MTcwNDc2NjQxMywiZXhwIjoxNzA0NzY2NzEzfQ.vuFEBcmOzey-0XFSBRX770xuwybcGhAITEn-M8IObDACcWNXZhBLOmTfE3L4rUifJeBazVM65wqzXS2sYwM84Q,eyJhbGciOiJIUzUxMiJ9.eyJqdGkiOiIyMTIxMzIyMiIsIm5iZiI6MTcwNDc2NjQxMywiZXhwIjoxNzA0NzY2NzEzfQ.OYBmyAyA_7bMvG5LTCR7qwa3IrcRE4eoGRAvGNgN9G5EG3Pz6QjBrF2GOiQ0C90mZqZDNvh0BSjOeh5aFGgfwA,2024-01-08T18:00:05.000-0300,100470270
7407.0,100470270,SINVASTACOR,1059787237,SANDOZ DO BRASIL INDÚSTRIA FARMACÊUTICA LTDA,61286647000116,9715902023,2023-10-05T07:31:58.000-0300,253510062440020,eyJhbGciOiJIUzUxMiJ9.eyJqdGkiOiIyMTIxMzIyMSIsIm5iZiI6MTcwNDc2NjQzOSwiZXhwIjoxNzA0NzY2NzM5fQ.wHi_8lbpHa9sIeGZIedT_PIyuMhcReWDThu2ooUd9LjnaeF3p-XquKiIXEKQLQ-LrLOXGDlMmHKY-dVWdG70AA,eyJhbGciOiJIUzUxMiJ9.eyJqdGkiOiIyMTIxMzIyMiIsIm5iZiI6MTcwNDc2NjQzOSwiZXhwIjoxNzA0NzY2NzM5fQ.CRyqC51JWnQNoT54dxgFoMkUcXtnhYXKI81HDYS4WlO_vXZb63OIOA8cvGzLX_0nZLirla9Bo5m79LD7sUcpFg,2024-01-08T18:00:05.000-0300,100470270
2010209.0,178170904,NEBACETIN,2402233214,COSMED INDUSTRIA DE COSMETICOS E MEDICAMENTOS S.A.,61082426000207,5388292021,2021-06-21T16:06:02.000-0300,25351110139202144,eyJhbGciOiJIUzUxMiJ9.eyJqdGkiOiIxNDQ5NzA1MSIsIm5iZiI6MTcwNDc2NjQxOSwiZXhwIjoxNzA0NzY2NzE5fQ.CgdjdCWMVjRfdzw_zBrlzpZLjd7II0jE-bL2Kd1mtp14wTmmWxRrOszAZ7SQbXar7zPJoFtTnw0X617eQUCPUA,eyJhbGciOiJIUzUxMiJ9.eyJqdGkiOiIxNDQ5NzA1MiIsIm5iZiI6MTcwNDc2NjQxOSwiZXhwIjoxNzA0NzY2NzE5fQ.qb-SpY285HB9W0G4cFfgsARlG1sHwwP-nQkArkYwIuIw_Nl5EYR-bu0pUJB0a3HFLHoXyI9BYPn1DpMzUZeNsA,2024-01-08T18:00:05.000-0300,178170904
8039.0,103900115,GYNOMAX,4178735208,FARMOQUÍMICA S/A,33349473000158,9520042020,2020-11-26T15:40:45.000-0300,250000120609630,eyJhbGciOiJIUzUxMiJ9.eyJqdGkiOiIxMzI5MTA4MSIsIm5iZiI6MTcwNDc2NjQ1NywiZXhwIjoxNzA0NzY2NzU3fQ.wx65ZsMSIRRlKbwaV-Uy8jz_ThWi6rAVJdBLK83tHWE1w0H3x4HzINLgtxkWVNwGyp2jRVz8FuUPxNgIltB3bQ,eyJhbGciOiJIUzUxMiJ9.eyJqdGkiOiIxMzI5MTA4MiIsIm5iZiI6MTcwNDc2NjQ1NywiZXhwIjoxNzA0NzY2NzU3fQ.nls86A5qlocQW2TBU_fB67GOd96K0XOcw5ss5q75Qzqge617LW2dVAimKKvi-C1a-HGjjr9WV1QyjF2yLEr4SA,2024-01-08T18:00:05.000-0300,103900115
1154942.0,121100359,ZITROMAX,0292551231,PFIZER BRASIL LTDA,61072393000133,2657272023,2023-03-23T10:42:47.000-0300,25351099763201724,eyJhbGciOiJIUzUxMiJ9.eyJqdGkiOiIxOTI2NTg0NCIsIm5iZiI6MTcwNDc2NjQzMSwiZXhwIjoxNzA0NzY2NzMxfQ.E9JqtbUsqFXmBdH9NpVeXaX7Zu_BQfdR8YxPcX5fRAPcMBwZnDweGeNg7cixKED0OJlZ1N8uCFY31XdAk3NBdA,eyJhbGciOiJIUzUxMiJ9.eyJqdGkiOiIxOTI2NTg0NSIsIm5iZiI6MTcwNDc2NjQzMSwiZXhwIjoxNzA0NzY2NzMxfQ.z5WOQ5nBjrkKfmHnn7LeEd2e0OEjcG_AK_CU01-sEVxl11xzKXu9DGeXYAtcNOQKHl0Q94kMnJpBDgPcaoPCrg,2024-01-08T18:00:05.000-0300,121100359
