Termo Pesquisado,Resultado,Link
LABORATORIO GLOBO,"0 resultados para ""LABORATORIO GLOBO""",https://www.in.gov.br/consulta/-/buscar/dou?q=%22LABORATORIO+GLOBO%22&s=todos&exactDate=dia&sortType=0
LABORATÓRIO GLOBO,"0 resultados para ""LABORATÓRIO GLOBO""",https://www.in.gov.br/consulta/-/buscar/dou?q=%22LABORATÓRIO+GLOBO%22&s=todos&exactDate=dia&sortType=0
17.115.437/0001-73,"0 resultados para ""17.115.437/0001-73""",https://www.in.gov.br/consulta/-/buscar/dou?q=%2217.115.437/0001-73%22&s=todos&exactDate=dia&sortType=0
17115437000173,"0 resultados para ""17115437000173""",https://www.in.gov.br/consulta/-/buscar/dou?q=%2217115437000173%22&s=todos&exactDate=dia&sortType=0
ARTE NATIVA PRODUTOS NATURAIS LTDA,"0 resultados para ""ARTE NATIVA PRODUTOS NATURAIS LTDA""",https://www.in.gov.br/consulta/-/buscar/dou?q=%22ARTE+NATIVA+PRODUTOS+NATURAIS+LTDA%22&s=todos&exactDate=dia&sortType=0
00.677.858/0001-95,"0 resultados para ""00.677.858/0001-95""",https://www.in.gov.br/consulta/-/buscar/dou?q=%2200.677.858/0001-95%22&s=todos&exactDate=dia&sortType=0
FARMÁCIA POPULAR ,"34 resultados para ""FARMÁCIA POPULAR """,https://www.in.gov.br/consulta/-/buscar/dou?q=%22FARMÁCIA+POPULAR+%22&s=todos&exactDate=dia&sortType=0
EVERS NUTRACÊUTICA,"0 resultados para ""EVERS NUTRACÊUTICA""",https://www.in.gov.br/consulta/-/buscar/dou?q=%22EVERS+NUTRACÊUTICA%22&s=todos&exactDate=dia&sortType=0
07.430.661/0001-04,"0 resultados para ""07.430.661/0001-04""",https://www.in.gov.br/consulta/-/buscar/dou?q=%2207.430.661/0001-04%22&s=todos&exactDate=dia&sortType=0
MEDNA INDUSTRIA FARMACEUTICA E COMERCIO LTDA,"0 resultados para ""MEDNA INDUSTRIA FARMACEUTICA E COMERCIO LTDA""",https://www.in.gov.br/consulta/-/buscar/dou?q=%22MEDNA+INDUSTRIA+FARMACEUTICA+E+COMERCIO+LTDA%22&s=todos&exactDate=dia&sortType=0
09.646.772/0001-70,"0 resultados para ""09.646.772/0001-70""",https://www.in.gov.br/consulta/-/buscar/dou?q=%2209.646.772/0001-70%22&s=todos&exactDate=dia&sortType=0
SOROCAPS INDUSTRIA FARMACEUTICA LTDA,"0 resultados para ""SOROCAPS INDUSTRIA FARMACEUTICA LTDA""",https://www.in.gov.br/consulta/-/buscar/dou?q=%22SOROCAPS+INDUSTRIA+FARMACEUTICA+LTDA%22&s=todos&exactDate=dia&sortType=0
09.542.984/0001-07,"0 resultados para ""09.542.984/0001-07""",https://www.in.gov.br/consulta/-/buscar/dou?q=%2209.542.984/0001-07%22&s=todos&exactDate=dia&sortType=0
HL CAPS INDUSTRIA LTDA,"0 resultados para ""HL CAPS INDUSTRIA LTDA""",https://www.in.gov.br/consulta/-/buscar/dou?q=%22HL+CAPS+INDUSTRIA+LTDA%22&s=todos&exactDate=dia&sortType=0
15.226.987/0001-34,"0 resultados para ""15.226.987/0001-34""",https://www.in.gov.br/consulta/-/buscar/dou?q=%2215.226.987/0001-34%22&s=todos&exactDate=dia&sortType=0
COLBRAS INDUSTRIA E COMERCIO LTDA,"0 resultados para ""COLBRAS INDUSTRIA E COMERCIO LTDA""",https://www.in.gov.br/consulta/-/buscar/dou?q=%22COLBRAS+INDUSTRIA+E+COMERCIO+LTDA%22&s=todos&exactDate=dia&sortType=0
00.413.925/0001-64,"0 resultados para ""00.413.925/0001-64""",https://www.in.gov.br/consulta/-/buscar/dou?q=%2200.413.925/0001-64%22&s=todos&exactDate=dia&sortType=0
VR Medical VR MEDICAL IMPORTADORA E DISTRIBUIDORA DE PRODUTOS MÉDICOS LTDA,"0 resultados para ""VR Medical VR MEDICAL IMPORTADORA E DISTRIBUIDORA DE PRODUTOS MÉDICOS LTDA""",https://www.in.gov.br/consulta/-/buscar/dou?q=%22VR+Medical+VR+MEDICAL+IMPORTADORA+E+DISTRIBUIDORA+DE+PRODUTOS+MÉDICOS+LTDA%22&s=todos&exactDate=dia&sortType=0
04.718.143/0001-94,"0 resultados para ""04.718.143/0001-94""",https://www.in.gov.br/consulta/-/buscar/dou?q=%2204.718.143/0001-94%22&s=todos&exactDate=dia&sortType=0
